Adopter_ID,First_Name,Last_Name,Address,Mobile_Number,Email,Amount_Paid,Staff_ID,Date_of_Adoption
3000,Ira,Solomon,746-597 Suspendisse Road,4802603310,sed@Lorem.com,249,5612,05-12-2021
3001,Sydnee,Mcmillan,Ap #919-3954 Duis St.,9174349735,velit.justo.nec@feugiatLoremipsum.edu,18585,5681,12/19/2020
3002,Charlotte,Shannon,160-9869 Aliquam Road,6606369385,diam@aliquetdiamSed.edu,98285,5608,03-08-2020
3003,Ferdinand,Jordan,778-5033 Mauris Rd.,7387711063,tristique.senectus@ipsumprimis.edu,79199,5604,08/26/2020
3004,Ryan,Howell,Ap #426-4101 Enim. Road,4668127040,massa@placerat.ca,48775,5667,03/14/2020
3005,Lacy,Miranda,"P.O. Box 753, 6151 Vitae Road",6313837534,urna.Ut.tincidunt@tinciduntadipiscingMauris.net,9037,5619,01/24/2020
3006,Clementine,Mejia,"P.O. Box 875, 9628 Convallis Av.",1447222374,neque@risus.com,19011,5668,01/23/2021
3007,Raymond,Steele,"P.O. Box 365, 3707 Phasellus Rd.",5229790115,dolor@sedconsequat.net,26942,5670,04-04-2021
3008,Camilla,Cote,"6863 Amet, Road",5140578234,non.arcu@imperdietnonvestibulum.org,4578,5622,01-09-2020
3009,Jael,Lowery,"707-2302 Ut, Rd.",7132965241,justo@nisinibhlacinia.ca,92537,5626,08-09-2021
3010,Nigel,Tran,976-3457 A Rd.,998172714,Maecenas.ornare@loremluctusut.net,90387,5630,03/14/2021
3011,Catherine,Buchanan,"P.O. Box 365, 5782 Lacinia Av.",4619151761,pellentesque.Sed@laciniaSedcongue.net,55826,5653,11/19/2021
3012,Malcolm,Lang,"P.O. Box 389, 7241 Elementum, Av.",7787863430,non.lobortis@fames.org,78252,5645,06-05-2021
3013,Ava,Hill,"P.O. Box 105, 554 Pharetra St.",8595966303,rutrum.lorem.ac@rutrumeu.co.uk,77450,5659,06-04-2020
3014,Gabriel,Santos,"P.O. Box 919, 6407 Urna Rd.",6985349004,Donec.vitae.erat@Cum.com,9275,5658,03/29/2020
3015,Charity,Huber,911-4460 Diam. Rd.,4210973743,sem.consequat.nec@facilisi.edu,52271,5657,10/29/2020
3016,Elijah,Tyson,Ap #133-1378 Interdum Av.,1612799060,eros.non@Quisqueornaretortor.edu,41449,5647,11-03-2020
3017,Delilah,Barron,Ap #506-5086 Nec Road,1256982941,Duis@nasceturridiculusmus.com,33499,5619,05/14/2021
3018,Meredith,Mckinney,Ap #469-2492 Non Road,8645794165,augue.eu.tellus@doloregestas.org,70318,5606,07/13/2020
3019,Nolan,Kline,"107-8404 Aliquet, St.",4722750784,diam.lorem.auctor@Aliquamrutrumlorem.com,88600,5615,05/13/2021
3020,Kamal,Reynolds,101-1552 Tellus. St.,479833453,venenatis.a@volutpat.edu,63719,5602,12/28/2020
3021,Rina,Carroll,3996 Nam Street,6467128777,nibh@eleifendvitae.org,4910,5622,03/27/2021
3022,Malachi,Mcmillan,Ap #285-4306 Sem Road,827062968,ullamcorper.velit.in@nequeMorbiquis.ca,82244,5699,09/17/2020
3023,Jonas,Williamson,577-9932 Donec Rd.,2434286532,sit@sitametluctus.net,32507,5616,05/21/2020
3024,Deborah,Compton,284-7717 Commodo St.,64336672,turpis.non.enim@cursusdiam.co.uk,32969,5694,08/30/2021
3025,Lareina,Barry,849-3362 Tristique Av.,2988212493,Nunc.sollicitudin@quam.net,70854,5687,12/19/2019
3026,Cooper,Rogers,Ap #357-6260 Accumsan Ave,1108103088,mauris.blandit@laoreet.com,44709,5622,01/14/2020
3027,Lamar,Huffman,7727 Ridiculus Avenue,7801059189,vulputate.nisi.sem@sapienimperdiet.com,49451,5600,12-10-2020
3028,Kerry,Vaughn,249-8158 Sed Rd.,139459460,lobortis.quis@ligulaconsectetuerrhoncus.org,60696,5632,07-12-2020
3029,Malcolm,Valencia,7244 Primis St.,8497395031,ac.mattis.ornare@dui.ca,49743,5626,12/29/2019
3030,Ignacia,Gilbert,"280-7911 Pharetra, Street",4566571807,lorem.ut.aliquam@Inmi.ca,57344,5686,12/15/2019
3031,Timothy,Howard,Ap #179-9167 Taciti Street,8105254814,at.pede@nuncsedpede.edu,48021,5659,10/21/2020
3032,Bruce,Mathews,348-3530 Etiam Ave,7388189637,dictum@loremeumetus.edu,14572,5606,01/26/2021
3033,Cassidy,Sheppard,5632 Consectetuer Avenue,3884983679,luctus.ipsum@luctus.com,98010,5645,07-10-2021
3034,Jamal,Gibbs,"650-831 Eget, Ave",2699028958,consectetuer@sociisnatoque.net,49871,5645,09-04-2021
3035,Herman,Moss,Ap #445-6769 Vitae Ave,2472848491,lobortis@purusin.net,89936,5651,05/25/2020
3036,Charde,Mitchell,788-3088 Augue Rd.,1474867781,metus.In@velit.co.uk,65910,5696,06-11-2020
3037,Peter,Franco,"P.O. Box 951, 8578 Gravida. Rd.",5062668608,ipsum.porta@vitaemauris.co.uk,7495,5635,03-01-2021
3038,Leila,Washington,738-9414 Lectus Rd.,6657666510,lacus.Aliquam.rutrum@Integervulputate.co.uk,56470,5631,09-10-2021
3039,Eaton,Ramirez,Ap #561-3673 Hymenaeos. Rd.,1591916119,dolor.egestas@nunc.ca,82528,5688,03-10-2020
3040,Stephen,Whitehead,"P.O. Box 644, 1914 Lacinia. Rd.",9353381354,ultrices.Duis@pellentesque.org,36454,5629,06/19/2021
3041,Kylan,Tyler,Ap #428-569 Tempus Rd.,1279030426,arcu.Vestibulum@aliquetmagna.org,16773,5691,04/30/2021
3042,Tara,Davenport,5094 Quis Rd.,8676749317,facilisis.lorem@pedesagittis.com,22312,5683,10/17/2021
3043,Levi,Chavez,Ap #238-1635 At Rd.,5084205314,scelerisque.lorem@ultriciesligulaNullam.ca,51071,5652,01/20/2020
3044,Clare,Snyder,5335 Dolor Avenue,2584188980,et.arcu@InloremDonec.net,2152,5688,04/13/2021
3045,Chastity,Palmer,Ap #591-2190 Donec St.,3379917394,ullamcorper.Duis.at@aliquamarcuAliquam.net,76941,5635,03/26/2021
3046,Lillian,Decker,"P.O. Box 378, 9064 Sed, Av.",8153423232,sapien.Cras@et.net,95049,5608,03-09-2020
3047,Harrison,Hooper,Ap #950-2089 Ac Ave,3846886666,quis.pede.Praesent@ridiculus.org,8864,5616,04-03-2020
3048,Keelie,Wolf,591-2209 Quam Ave,9078945763,Mauris.non@ad.edu,82464,5693,02/13/2021
3049,Hammett,Powell,"P.O. Box 334, 7375 Duis Road",6200940977,sed.hendrerit@Duis.org,70886,5672,12-04-2019
3050,Samson,Huber,Ap #285-4624 Nec St.,8995132793,elit@egetodioAliquam.org,67184,5646,08-06-2020
3051,Alan,Smith,9020 Elit. Avenue,6926609707,lectus.justo.eu@dolor.co.uk,69056,5638,09/20/2021
3052,Henry,Gilliam,207-8840 Nibh. St.,3158980404,ante.bibendum.ullamcorper@In.edu,51762,5654,06/16/2021
3053,Tate,Romero,9050 Magnis Road,3402040840,lectus.pede@disparturient.com,82840,5664,03-09-2020
3054,Dana,Bird,"P.O. Box 288, 6387 Eu Av.",6400675497,turpis.vitae.purus@adipiscinglacus.org,54249,5617,06-10-2021
3055,Brett,Vaughan,945 Posuere Street,5679051328,luctus.ut.pellentesque@montes.net,18609,5613,07-07-2021
3056,Justina,Reese,1350 Neque St.,4814304871,Donec.elementum.lorem@enim.ca,66863,5679,02-03-2021
3057,Sonia,Holmes,"P.O. Box 535, 9180 Cursus Street",6171708191,Morbi.neque@eleifendnuncrisus.ca,83334,5600,03/17/2021
3058,Charissa,Blankenship,Ap #353-7132 Netus Av.,3856136113,vitae.erat@adipiscing.ca,20585,5630,01-03-2021
3059,Julie,Holden,9603 Volutpat Street,8168216357,Mauris.quis@pede.org,99057,5671,01-10-2021
3060,Lee,Ramos,105-7314 Dui. Rd.,3737528557,imperdiet@tinciduntadipiscingMauris.net,14288,5696,08-03-2020
3061,Fay,Dyer,"P.O. Box 231, 2357 Enim, Ave",7694350349,Aliquam@orciluctuset.org,52011,5675,01/31/2020
3062,Nehru,Ayala,2635 Nec Road,6062643253,vel.pede@nullaIntegerurna.com,24441,5618,01-03-2021
3063,Miriam,Decker,"568-5089 Non, Street",1546271336,gravida@commodoauctorvelit.net,90659,5663,05/15/2020
3064,Kasimir,Puckett,"P.O. Box 237, 2749 Ornare, Road",3897107408,ipsum.porta@viverraMaecenas.edu,49222,5607,06/18/2021
3065,Jesse,Tucker,"P.O. Box 454, 4698 Risus. Avenue",3329908522,rutrum@fermentumfermentumarcu.ca,79686,5699,05/19/2020
3066,Stacy,Puckett,"583-6026 Sed, Rd.",8286172581,blandit@liberolacusvarius.com,59742,5673,11-12-2020
3067,Nora,Pugh,9253 Volutpat. Avenue,9092723279,nibh.Aliquam@Naminterdum.org,94811,5649,02/17/2020
3068,Judah,Villarreal,311-5026 Non Rd.,9771204186,a.scelerisque.sed@posuere.org,65624,5685,10/30/2021
3069,Maris,Oliver,Ap #493-9966 Metus Av.,2550575624,lobortis.ultrices@Pellentesque.net,17063,5664,06/19/2021
3070,Jacob,Lloyd,102-3967 Natoque Rd.,6783361547,Nunc.mauris.Morbi@Crassed.org,83313,5681,09-06-2021
3071,Yoko,Green,502 Nunc St.,1201893731,nisl.Maecenas.malesuada@variuset.net,42765,5653,11-11-2020
3072,Ori,Nicholson,"P.O. Box 339, 9157 Nec, Rd.",2503147130,cursus.diam@ipsumdolor.co.uk,94865,5639,08-06-2020
3073,Marvin,Garcia,"4553 Non, Rd.",8745224623,consectetuer.adipiscing.elit@Fuscedolor.org,26978,5691,11-10-2020
3074,Andrew,Hull,Ap #283-971 Risus. Av.,8054791660,Vestibulum.ante.ipsum@vulputateullamcorper.co.uk,81964,5679,06/25/2021
3075,Wyatt,Parrish,"P.O. Box 843, 5177 Ligula. Avenue",2749120316,imperdiet.non.vestibulum@tempordiamdictum.net,66641,5685,07-07-2021
3076,Lev,Norris,2226 Risus. St.,7147533611,justo@sed.edu,58732,5670,09/13/2021
3077,Hiram,Lopez,Ap #382-1337 In Av.,2723269720,Etiam.ligula.tortor@libero.org,50069,5600,06-12-2020
3078,Dana,French,"P.O. Box 475, 1330 Ridiculus St.",935282920,pretium.neque.Morbi@metusAliquamerat.co.uk,79469,5606,08-12-2021
3079,Amela,Hatfield,8770 Sagittis Ave,9533053009,sagittis.semper@sed.ca,22670,5643,10/28/2020
3080,Sawyer,Collins,922-5746 At St.,6178748641,laoreet.ipsum@nullavulputate.net,58073,5648,10/23/2021
3081,Avye,Beck,419-7632 Eget Rd.,709990648,pharetra.Quisque.ac@enimgravida.edu,35349,5617,08/19/2020
3082,Justin,Camacho,"P.O. Box 480, 3381 Arcu. Ave",371600297,mi@odioapurus.co.uk,75027,5643,08/21/2021
3083,Mufutau,Haley,"691-1156 Montes, St.",4855961717,egestas.nunc.sed@ipsumdolor.ca,96235,5675,06/18/2021
3084,Lunea,Mcguire,"P.O. Box 578, 5152 Elementum, Avenue",5015999440,Duis.gravida@convallisest.com,35045,5649,04-04-2021
3085,Kristen,Mcgowan,391 Quam Rd.,2733658226,dolor.Quisque.tincidunt@vitae.co.uk,24575,5689,02/15/2021
3086,Edan,Salas,Ap #328-8606 Nam Road,1613767746,sed@scelerisque.co.uk,48931,5675,11/27/2019
3087,Logan,Franco,136-5513 Integer St.,594127036,commodo.auctor@temporarcuVestibulum.edu,94428,5672,12-06-2019
3088,Lacota,Vaughan,6626 Mauris Rd.,31895058,porta@mattisornare.ca,41394,5679,10/29/2020
3089,Halla,Singleton,"P.O. Box 215, 855 Purus. Avenue",4955038810,et@arcuetpede.org,1677,5666,08/31/2021
3090,Oren,Goodwin,"P.O. Box 371, 7917 Dolor Rd.",8412489728,et.magnis.dis@aliquet.net,98470,5685,10-12-2021
3091,Piper,Mosley,Ap #268-2169 In Ave,4591389139,aliquam@malesuadaid.ca,54678,5613,02/24/2020
3092,Haley,Cleveland,2691 Pede Rd.,3690246300,vulputate.mauris.sagittis@amet.edu,79017,5642,02/18/2021
3093,Basil,Foley,Ap #602-6568 A Rd.,7944024708,fringilla@placerat.net,89897,5657,06/23/2021
3094,Delilah,Savage,"141-6158 Vulputate, St.",8050918211,mi@at.ca,97966,5614,03-05-2020
3095,Charde,Robinson,"P.O. Box 535, 2737 Ante Av.",3843519555,vel.lectus@non.edu,81388,5624,10/18/2020
3096,Karina,Small,Ap #386-7114 Elit. Ave,9725913786,Suspendisse.tristique.neque@risusat.ca,56992,5639,07/28/2020
3097,Omar,Bradshaw,617-5851 Quisque Rd.,5646158960,urna.Ut@loremfringillaornare.co.uk,3806,5635,12/17/2019
3098,Magee,York,Ap #732-870 Aliquam Ave,2728010041,mi.fringilla.mi@Quisque.ca,87615,5684,01/20/2021
3099,Clinton,Dalton,733-177 Velit Road,58187845,Lorem.ipsum@Nullamvitae.ca,92360,5693,05/21/2020
