Donor_ID,First_Name,Last_Name,Address,Mobile_Number,Email,Donation_details,Staff_ID,Date_of_donation
10000,Yardley,England,Ap #600-2515 Augue Av.,1112325375,at.pretium.aliquet@eutellus.co.uk,87238,5695,07/17/21
10001,Dale,Henson,Ap #433-7210 Interdum Av.,5506261799,lacinia.mattis.Integer@Nullaegetmetus.net,73975,5628,03-02-2020
10002,Lavinia,Fisher,743 Sagittis Rd.,9258713547,orci.luctus@quamvel.net,4731,5636,11/21/20
10003,Jocelyn,Mcclure,3712 Est Av.,6027551635,volutpat.ornare@urnasuscipitnonummy.co.uk,92712,5696,10/23/20
10004,Abdul,Walsh,Ap #848-2307 Vestibulum St.,2411015447,sem@Duissit.edu,94997,5628,07-12-2021
10005,Candice,Buchanan,4123 Mauris. Rd.,2613782733,in@purusin.net,89816,5649,02/23/21
10006,Halla,Welch,Ap #814-1965 Dapibus Rd.,2187994231,dui.lectus.rutrum@a.ca,48764,5659,10/21/20
10007,Serina,Valenzuela,"P.O. Box 167, 4317 Luctus. Rd.",1483921842,fringilla@magnisdis.ca,64405,5665,04/19/20
10008,Camille,Clark,659-9090 Mauris Street,2922253245,nisl.arcu.iaculis@molestiedapibusligula.ca,52992,5601,11/16/21
10009,Clare,Sexton,"P.O. Box 715, 7957 At Av.",2471834669,arcu@Fuscemi.edu,94648,5612,03-05-2021
10010,Xerxes,Horton,"P.O. Box 612, 965 Metus St.",2606005092,eu.euismod.ac@ullamcorperDuis.ca,67958,5660,09/30/20
10011,Desirae,Cote,Ap #195-5074 Morbi Rd.,7041206871,elementum.lorem@Inlorem.ca,75856,5650,09/22/20
10012,Ria,Levy,Ap #831-2393 Etiam St.,8447184629,sit@Etiamimperdietdictum.edu,82125,5632,09-12-2020
10013,Daria,Jarvis,"336-446 Vulputate, St.",1937050833,quis.accumsan@magna.net,32443,5685,12-06-2020
10014,Sean,Lane,8715 Iaculis Avenue,6615790989,metus.Aenean.sed@sodalesnisi.co.uk,64635,5610,07/27/21
10015,Jasper,Warren,"P.O. Box 571, 6519 Nunc, Av.",245132467,dolor.dolor@consectetuer.co.uk,29959,5632,04/20/20
10016,Kendall,Rivers,"P.O. Box 123, 3948 Nec, St.",8374054346,vitae.aliquet@nequetellusimperdiet.edu,67691,5686,10/13/20
10017,Elaine,Branch,698-3283 Primis Ave,1864914983,est.tempor@Vivamuseuismod.com,26967,5657,05/29/20
10018,Zeus,Duke,Ap #248-6484 Lobortis. Rd.,689871098,In@libero.com,27878,5669,11-08-2021
10019,Lisandra,English,Ap #440-6748 Nulla. Road,9881187791,Maecenas.libero.est@semvitae.edu,49006,5656,02-08-2020
10020,Clare,Carr,Ap #285-2082 Cursus Rd.,5185800526,magnis@orciquislectus.edu,69250,5630,07-08-2020
10021,Jonas,Turner,"P.O. Box 686, 6220 Aliquam St.",8995152917,massa.Mauris@gravida.org,30358,5692,12-03-2020
10022,Lucius,Wilkins,"Ap #635-4628 Lorem, St.",5645943160,mollis@fringillacursus.co.uk,92691,5677,10-06-2020
10023,Stacy,Dodson,7825 Etiam Rd.,8932183103,facilisis.magna@faucibusleoin.ca,68953,5618,02-10-2021
10024,Zachery,Cochran,"P.O. Box 719, 3983 Magna St.",5656941759,Nulla.dignissim.Maecenas@neque.com,61394,5624,07-11-2020
10025,Mason,Herrera,"P.O. Box 464, 7273 Vitae, Av.",9169642729,enim.consequat@sempererat.edu,66782,5635,10/25/21
10026,Sheila,Fuller,9107 Ipsum. St.,5755953763,magna.Phasellus@Proin.ca,60872,5693,06-07-2020
10027,Shelly,Preston,"P.O. Box 542, 9858 Turpis. Street",5883847111,dictum@ataugueid.ca,88799,5673,04-08-2020
10028,Lillian,Pollard,"P.O. Box 816, 8347 Elementum, Rd.",9932972648,tincidunt@acnulla.co.uk,32460,5644,09/19/21
10029,Hadassah,Blake,138-8385 Neque. St.,4209204680,Donec@ipsum.edu,64704,5638,09/28/20
10030,Kimberley,Todd,314-1970 Ipsum Road,6592971863,ante.blandit@interdum.ca,96356,5697,02/24/20
10031,Rahim,Dale,"4233 Ornare, Rd.",8851093636,lectus.pede@orciquislectus.com,49999,5615,11/16/20
10032,Blair,Reyes,444-4425 Sed Avenue,7091324893,Donec.egestas.Aliquam@ametloremsemper.edu,35212,5670,12-11-2019
10033,Galvin,Richardson,Ap #482-7113 Nullam Av.,542593509,massa@magnisdis.net,48682,5610,10-06-2020
10034,Hedley,Newman,1133 Tincidunt Avenue,9196543487,enim@nequepellentesquemassa.ca,99359,5670,12/29/20
10035,Hannah,Duran,Ap #295-8362 Dui. Road,9522737188,dictum@lacus.net,51317,5671,12/26/20
10036,Iona,Horn,"P.O. Box 675, 9692 Magna Street",8012897412,egestas.a.scelerisque@semper.edu,17748,5638,02/21/21
10037,Lucy,Adams,"P.O. Box 313, 6903 Quam, Rd.",5369987535,Maecenas.iaculis.aliquet@gravidanon.edu,58569,5697,02-11-2020
10038,Bevis,Gomez,"Ap #174-3881 Vulputate, Avenue",6870958111,rutrum.eu@Nam.com,17247,5634,09-04-2021
10039,Aiko,Brady,"P.O. Box 965, 4124 Quis, Avenue",2508128735,Suspendisse.aliquet@elementumloremut.ca,29389,5623,11-02-2021
10040,Charissa,Patterson,915-8720 Ligula Rd.,9633426966,eu.nibh.vulputate@nectempus.net,82969,5637,02/25/21
10041,Imani,Andrews,903-4597 Dignissim Road,6887630913,blandit.at.nisi@Sedauctorodio.edu,4487,5696,07-10-2020
10042,Armand,Sanford,"P.O. Box 432, 9348 Lorem Rd.",8203513201,ante.lectus.convallis@etlibero.com,32348,5661,10/22/21
10043,Lareina,William,6941 Pellentesque Street,8682957556,tortor@non.net,3737,5624,12-12-2020
10044,Plato,Cunningham,"P.O. Box 629, 6927 Lobortis Av.",5459118504,bibendum@Nulla.org,71919,5600,10/20/20
10045,Aiko,Clayton,"P.O. Box 885, 9307 Quis St.",623031329,eu@tristiquepharetra.co.uk,57061,5623,01-01-2020
10046,Octavius,Bartlett,4162 Pede Rd.,4718678612,bibendum@egetipsumSuspendisse.edu,41162,5654,05-01-2020
10047,Brianna,Gardner,"P.O. Box 653, 9975 Integer Street",9876523171,eu@ullamcorper.com,17372,5619,05-03-2020
10048,Colby,Johns,4779 Sit Road,8256379093,elit@sollicitudincommodo.net,39988,5618,12/27/20
10049,Phoebe,Kirkland,222-7131 Nunc St.,2049621786,Duis@Fusce.net,2951,5614,11/29/20
10050,Zachary,Pace,210-6487 Faucibus Rd.,5254649036,Pellentesque@facilisis.co.uk,18764,5675,02/17/21
10051,Shana,Atkins,3687 Nunc Avenue,585648496,vitae@felis.edu,39271,5606,12/22/20
10052,Kennan,Palmer,"7484 Ut, Rd.",4011833895,interdum@nequeNullamut.ca,47852,5645,03/29/20
10053,Karyn,Hall,"P.O. Box 414, 3381 Id, Road",5501543162,sodales.purus@quistristiqueac.edu,73901,5698,06/18/20
10054,Magee,Marsh,"P.O. Box 637, 7806 Adipiscing Street",265038303,Nullam.ut.nisi@euismodacfermentum.edu,29963,5628,12-04-2019
10055,Cedric,Craft,"P.O. Box 884, 1080 Felis, St.",8912808686,turpis.Nulla@varius.edu,6344,5689,07/24/20
10056,Mona,Sweeney,"P.O. Box 785, 1828 Massa. Rd.",3785077928,eu.placerat.eget@pedeacurna.edu,1295,5637,06/26/21
10057,Conan,Boone,284-1588 Justo. Street,578096795,erat.in@adipiscing.com,49083,5611,10/19/21
10058,Samson,Parks,2762 Nisi Road,1527230519,feugiat@pedesagittisaugue.co.uk,44128,5639,05-07-2020
10059,Marshall,Hughes,917-6448 Libero Road,7910473317,mauris.Suspendisse.aliquet@Ut.co.uk,73568,5650,03/24/21
10060,Cameron,Barber,"P.O. Box 914, 6432 Posuere Road",5724344711,Duis@atauctorullamcorper.net,58087,5616,10/25/20
10061,Nolan,Hampton,8621 Tempor Rd.,3613424605,eu@semper.org,433,5687,04/17/21
10062,Camden,Herring,5627 Ultrices Avenue,172643228,aliquet.vel@molestieorcitincidunt.net,47001,5657,11/20/20
10063,Jeanette,Reese,575 Ut St.,632216030,sollicitudin@Morbi.com,10673,5671,10-02-2021
10064,Kelly,Rowland,"P.O. Box 195, 3277 Sed Rd.",6749590031,ornare.sagittis.felis@sem.org,51129,5663,08/17/20
10065,Xandra,Berry,"P.O. Box 589, 9258 Sed, St.",244215159,turpis@semperrutrum.ca,21539,5681,07/19/21
10066,Rashad,Mann,1328 Sapien. Road,4508980652,tellus.faucibus@vitaedolor.com,49611,5604,07-08-2020
10067,Gabriel,Montgomery,155-7204 Neque. Av.,4617727047,magna.Phasellus@necenimNunc.ca,39028,5607,09/24/20
10068,Xenos,Bass,980-5290 Dolor Avenue,4267231488,nisi@egetipsum.ca,246,5639,12/28/20
10069,Samuel,Carter,2021 Parturient St.,7151616247,amet@accumsan.net,83705,5671,09/24/20
10070,Ivy,Cherry,480-9227 Adipiscing Ave,8474694499,rutrum.justo@euenimEtiam.co.uk,44024,5612,06/22/20
10071,Denise,Flowers,"Ap #455-2026 Non, Rd.",790196327,pretium@eget.edu,71545,5622,05/18/21
10072,Amena,Jordan,Ap #334-5601 Placerat. St.,7027395130,sem.mollis@etrisusQuisque.com,63974,5621,07/15/20
10073,Callum,Hammond,"P.O. Box 870, 6839 Dolor Rd.",2560945737,sit.amet@lacus.net,99182,5624,10-02-2020
10074,Alden,Beck,Ap #138-6930 Vivamus Road,1318718435,dui.Cras@sedleoCras.co.uk,29342,5699,06-12-2021
10075,Denise,Leach,Ap #652-4622 Orci St.,7031492983,varius.ultrices.mauris@sociisnatoquepenatibus.org,43815,5685,02/16/21
10076,Lisandra,Cooper,335-388 Mauris Avenue,8068382818,ligula.tortor@FuscefeugiatLorem.org,63837,5615,12-09-2020
10077,Kenneth,Dorsey,"P.O. Box 786, 5928 Sed Rd.",3709959901,Nunc.mauris.sapien@lectusCum.com,81018,5693,10-06-2020
10078,Kasper,Bishop,"P.O. Box 482, 3648 Condimentum Ave",8715458314,lorem.eu.metus@turpis.co.uk,2673,5693,08-05-2020
10079,Cullen,Gonzalez,284-8482 Mi Avenue,4092703462,arcu.Curabitur.ut@telluseuaugue.co.uk,32511,5610,11/16/20
10080,Porter,Rodriquez,Ap #496-3757 Phasellus Ave,4368258481,nunc.sed.pede@consequatlectussit.net,13547,5626,02/27/21
10081,Lev,Burnett,9159 A St.,2994770032,accumsan.neque.et@Cras.com,60135,5637,01/29/21
10082,Linus,Grant,747-1536 Ipsum Av.,3354128722,scelerisque.lorem.ipsum@eu.ca,11461,5619,07/16/20
10083,Aimee,Matthews,116-8560 Velit. Street,3068831610,posuere@necligula.com,13713,5695,10-06-2021
10084,Hamilton,Rogers,"P.O. Box 552, 779 Luctus. Road",4488179246,tincidunt.tempus@Phasellus.org,2161,5676,12-01-2020
10085,Mia,Barrera,863-1544 At Road,8035049748,augue@imperdietornare.edu,51640,5667,09-10-2020
10086,Grant,Phelps,744-3950 Pede. St.,8424268751,lacus.varius.et@ipsumdolorsit.ca,12132,5605,09-07-2021
10087,Dylan,Salinas,Ap #811-7341 Adipiscing St.,1650069391,Sed.molestie@dolor.co.uk,72154,5638,09-06-2020
10088,Dorian,Wilkinson,"P.O. Box 787, 3275 Maecenas Ave",363578422,interdum.Nunc.sollicitudin@et.ca,2811,5680,08-02-2020
10089,Kylee,Barron,Ap #556-4565 Aliquam Ave,7529007003,imperdiet.erat@commodo.edu,87076,5695,03/24/21
10090,Zane,Jacobs,520-6351 Praesent Av.,8525522690,tellus.id@ornaretortor.org,14222,5635,06/23/20
10091,Dorothy,Gillespie,397-7612 Vulputate Rd.,7149467459,vulputate@etmagnis.co.uk,78391,5680,02-12-2020
10092,Emerson,Cantrell,Ap #268-6098 Aliquam Street,295654636,ullamcorper@nibhsit.org,62405,5699,12/25/19
10093,Carson,Lott,809-2963 Netus Ave,456518497,dui.lectus@malesuadafamesac.net,39874,5649,03-08-2021
10094,Hyatt,Whitley,5418 Proin Street,1282848715,Curabitur.egestas@risusNullaeget.net,73367,5617,06-09-2021
10095,Connor,Abbott,"388-9544 Fringilla, Rd.",7114448530,volutpat.Nulla@nislsem.ca,88464,5618,04/30/21
10096,Claire,Workman,"P.O. Box 622, 2815 Ultrices. St.",8913659685,leo.elementum.sem@maurissitamet.ca,1617,5668,03-04-2020
10097,Teegan,Webb,9154 Nulla Road,4170968634,purus.in@accumsan.org,92339,5619,12-02-2019
10098,Chadwick,Golden,460-215 Odio. St.,7891151559,tortor@enimcondimentum.com,37819,5656,02/19/20
10099,Rowan,Greer,"P.O. Box 542, 3452 Leo. St.",1912097085,est@magnisdisparturient.co.uk,52939,5625,12/13/20
