Sponsor_ID,First_Name,Last_Name,Address,Mobile_Number,Email,Start_date_of_sponsorship,Period_of_sponsorship
10223,Galvin,Boone,Ap #575-308 Sit Street,5859854637,Nunc.laoreet.lectus@sagittissemper.edu,09/10/20,12
10224,Lee,Powers,251-7954 Nunc Rd.,7470615751,adipiscing.enim@dui.ca,10/07/20,15
10225,Hop,Massey,9034 Tortor. Rd.,8464994514,blandit@velvenenatisvel.org,06/23/20,4
10226,Macey,Schneider,3652 Facilisis St.,0705979082,nec@aliquetmagna.ca,12/23/19,5
10227,Ishmael,Wallace,Ap #192-2808 Tincidunt Rd.,7832708411,mauris.Integer@velvulputateeu.co.uk,10/06/20,11
10228,Erich,Little,9016 Dictum Road,1433404890,Mauris.eu@iaculis.com,11/18/21,8
10229,Nerea,Villarreal,"P.O. Box 460, 9059 At Av.",4172867684,ac.feugiat.non@liberomauris.org,07/02/21,5
10230,Hector,Payne,9118 Leo. St.,6171548506,risus.a@mi.net,02/25/20,8
10231,Nora,Madden,502-8929 Ante. Road,6969829085,eros.Nam.consequat@placeratvelitQuisque.edu,11/05/20,2
10232,Isadora,Ratliff,"P.O. Box 640, 719 Fames Avenue",7341711321,nec.malesuada.ut@hendrerita.org,01/07/21,1
10233,Lane,Parks,294-7538 Neque. St.,8237604700,ac.nulla.In@ut.co.uk,05/17/20,21
10234,Kuame,Martinez,263-8818 Taciti Avenue,8855241100,Nunc@Vivamusnonlorem.ca,12/27/20,22
10235,Kieran,Martinez,"P.O. Box 705, 2389 Vitae Rd.",3945397689,ut.lacus.Nulla@loremluctusut.co.uk,09/05/20,19
10236,Guinevere,Ballard,"P.O. Box 327, 9723 Nec Ave",0870395003,purus.Maecenas.libero@eutelluseu.co.uk,10/11/20,12
10237,Berk,Reilly,"P.O. Box 587, 6214 Est Street",8068125611,Nullam@tinciduntcongueturpis.co.uk,03/15/21,21
10238,MacKenzie,Floyd,Ap #565-3199 Metus. Rd.,7567834664,aliquet.nec.imperdiet@dapibusquamquis.co.uk,02/20/20,16
10239,Zane,Giles,"P.O. Box 156, 6287 Luctus. Street",0031451581,mollis.Integer@semper.org,02/01/21,13
10240,Ainsley,Martinez,Ap #965-5177 Id Avenue,6501646103,vulputate.velit.eu@Suspendissetristique.co.uk,12/31/20,14
10241,Alden,Pollard,4004 Donec Rd.,9930057352,sapien.gravida.non@purussapien.org,10/09/20,6
10242,Riley,Hodges,455-9881 Ante Rd.,5256813302,facilisis@Curabiturconsequatlectus.edu,01/26/20,4
10243,Audrey,Walsh,2876 Faucibus St.,8032668616,Nam.ligula.elit@rhoncusNullamvelit.org,10/23/21,9
10244,Jacob,Holcomb,Ap #559-6896 Eros Ave,1974710806,magna.a@Morbinon.edu,10/27/21,7
10245,Pascale,Bruce,1805 Facilisis Ave,5056691888,In.nec.orci@Pellentesque.org,01/25/21,18
10246,Kyla,Pruitt,"P.O. Box 698, 9034 Quisque Av.",7805866591,adipiscing.elit.Curabitur@Morbisit.com,09/16/20,13
10247,Alden,Dodson,Ap #240-1946 Erat. Road,9099563709,ultricies.dignissim@sit.org,01/31/20,16
10248,Rebekah,Willis,591-9935 Dictum St.,4782493258,metus@dolor.com,08/29/21,7
10249,Blake,Cummings,Ap #601-3539 Nunc Av.,4053840692,bibendum@augue.org,05/01/21,18
10250,Alexis,Foreman,Ap #843-314 Tellus. Avenue,6999109464,facilisis.Suspendisse.commodo@sollicitudin.edu,08/31/21,20
10251,Cadman,Cross,Ap #721-6046 Risus. Road,3627742556,tempus.risus@pedeCum.ca,08/07/20,2
10252,Xyla,Knox,Ap #984-5408 Lorem St.,9066037134,Sed.molestie@Inat.ca,04/04/20,5
10253,Donovan,Cannon,"8388 Elit, Rd.",8544334715,Proin.eget@Phasellus.co.uk,10/16/20,1
10254,Meghan,Short,499-7785 Est Rd.,7906012961,sed.leo.Cras@Nunc.co.uk,05/13/20,1
10255,Mari,Allison,561-4119 Odio. St.,0289390697,vitae.aliquet@etmagna.ca,04/05/20,10
10256,Orson,Love,493-9253 Accumsan Street,2914873517,ullamcorper.magna@sitamet.org,03/12/21,23
10257,Larissa,Morales,Ap #995-2986 Consectetuer Rd.,9613862788,sagittis.Duis.gravida@commodoatlibero.co.uk,01/27/20,1
10258,Colt,Garcia,Ap #944-3451 Dictum Road,6065577641,nascetur@lacinia.net,04/26/20,8
10259,Christopher,Gutierrez,"4128 A, Rd.",0108285563,neque@Donec.edu,08/08/21,16
10260,Brianna,Tucker,9889 Parturient St.,8115265978,Suspendisse.commodo.tincidunt@nisl.ca,07/30/20,4
10261,Shaeleigh,Tyson,2585 Dictum Av.,8208586903,montes@ridiculus.co.uk,07/11/21,13
10262,Odessa,Pittman,"P.O. Box 731, 7020 Tristique Ave",2914672956,libero.Integer@odioNaminterdum.edu,09/28/20,21
10263,Hanae,House,"357-1182 Non, Road",7233758357,quis.urna@consequat.ca,06/21/20,14
10264,Kermit,Carpenter,"P.O. Box 489, 9088 Laoreet St.",0020534174,vestibulum@felis.org,09/03/20,16
10265,Levi,Daugherty,"P.O. Box 971, 757 Nunc St.",5960842135,eros.Nam.consequat@in.edu,05/14/20,12
10266,Kylie,Bright,8395 Justo. Ave,1466755134,arcu@utmi.co.uk,07/03/21,10
10267,Colby,Dominguez,100-1998 Mauris Road,1108576145,vehicula@nequeet.co.uk,01/30/21,4
10268,Daria,Warren,6914 Vulputate Rd.,1396227779,magna.tellus@semperpretium.net,11/27/19,6
10269,Jacqueline,Wyatt,929-7668 Vel Av.,5378299951,rutrum.non.hendrerit@ipsum.ca,10/01/20,11
10270,Burton,Holman,"P.O. Box 699, 9566 Aenean St.",2802364548,ipsum.dolor@odio.ca,12/19/19,4
10271,Rigel,Whitehead,827-5765 Imperdiet Avenue,3148132228,diam.Pellentesque.habitant@placeratorci.edu,03/23/21,21
10272,Abdul,Richard,2430 Condimentum. Rd.,1836476658,libero.Integer@ullamcorper.ca,07/27/20,4
10273,Darryl,Ortega,"P.O. Box 309, 1969 Metus. Rd.",6487120055,quis.urna.Nunc@Nunc.co.uk,06/03/20,24
10274,Willow,Cantu,"Ap #324-5923 Dui, Ave",2130302639,mauris.aliquam@eutempor.co.uk,10/18/20,7
10275,Hiram,Hampton,830-9963 In Rd.,6951050372,lobortis@interdumfeugiat.net,11/11/20,12
10276,Oren,Hernandez,"P.O. Box 973, 1835 Nunc. Street",9783111296,orci@sedestNunc.ca,04/23/21,2
10277,Joelle,Singleton,419-8411 Fermentum Rd.,1505891683,Cum@ultricies.net,08/04/20,21
10278,Morgan,Oneal,672-3136 Purus Rd.,4812878550,pede.Cras.vulputate@lobortistellus.edu,10/17/20,2
10279,Jason,Blake,Ap #222-7622 Dolor Ave,4303312116,Donec.nibh.enim@conubianostra.co.uk,09/18/20,13
10280,Demetria,Powers,8471 Porttitor St.,2156530011,urna@Nam.edu,01/04/21,4
10281,Ross,Barron,Ap #600-7328 Dignissim. Ave,1819753509,non.bibendum@egetvolutpatornare.edu,05/10/21,17
10282,Ivory,Hobbs,9640 Consequat Rd.,6959377555,fermentum.vel.mauris@neceuismod.ca,07/21/20,8
10283,Edward,Kim,"P.O. Box 207, 1874 Donec Road",7570071543,vestibulum.lorem@elita.net,08/24/21,13
10284,Cora,Gordon,Ap #932-3270 Ante Av.,8573065427,nisi@semPellentesque.org,01/17/21,19
10285,Anthony,Sellers,Ap #779-9668 Nec Av.,7162410648,ornare.elit@odioapurus.co.uk,07/16/21,22
10286,Fulton,Frank,"Ap #978-2944 Dui, St.",8737062006,at@elitdictum.org,11/28/20,6
10287,Diana,Harper,3635 Aenean Rd.,4298963750,sit.amet.ultricies@pedeacurna.com,08/04/20,13
10288,Jasper,Macdonald,960-1213 Aliquam St.,6011916810,mauris.ut.mi@felisadipiscing.edu,01/22/20,2
10289,Alexis,Whitney,116-4156 Nec Av.,5972105679,vitae@atlacus.edu,01/31/20,22
10290,Lamar,Preston,"P.O. Box 436, 658 Lacinia Avenue",4903422431,et.netus.et@ametante.edu,09/07/21,10
10291,Hunter,Cross,"P.O. Box 384, 2662 Risus Rd.",6983093999,sed.consequat@Aeneaneuismodmauris.net,08/26/21,6
10292,Vera,Moon,"P.O. Box 341, 1670 Semper Avenue",6022243189,tellus.Phasellus@sedest.org,11/29/19,4
10293,Amaya,Holt,396-257 Dignissim Rd.,9959030415,fringilla@Fuscealiquet.edu,01/30/21,15
10294,Alfreda,Alvarez,"P.O. Box 184, 1392 Nec St.",5314695385,arcu.Vestibulum.ut@ac.ca,12/06/20,14
10295,Ebony,Nunez,"P.O. Box 114, 2526 Varius Ave",4636391340,dolor.dapibus@acnulla.ca,08/14/21,9
10296,Dara,Mayo,5049 Fringilla St.,4787315800,lobortis@seddui.edu,01/06/21,1
10297,Kendall,Nunez,3364 Consequat Street,5178499998,amet@aliquamiaculislacus.org,02/15/20,7
10298,Wayne,Patel,"P.O. Box 614, 8770 Nunc Rd.",9182777723,at.arcu.Vestibulum@Vestibulumanteipsum.org,06/04/20,24
10299,Wendy,Michael,7984 Per Road,4778063026,mollis.vitae.posuere@ipsumnuncid.org,03/11/21,23
10300,Tarik,Ball,"7173 Dolor, Street",1784682755,molestie@diam.net,02/23/20,8
10301,Andrew,Colon,893-1056 Sagittis Rd.,5419269400,sodales.elit@Quisque.com,09/30/21,10
10302,Quon,Le,323-3364 Scelerisque Rd.,5265189585,aliquet.libero@sodales.com,07/02/21,14
10303,Guinevere,Caldwell,Ap #795-2773 Odio Avenue,7664550190,vulputate@tellus.co.uk,10/15/21,6
10304,Ramona,Hernandez,"2709 Quis, Ave",9770780819,arcu.Vestibulum.ante@lectusconvallis.com,11/03/21,16
10305,Iona,Clark,Ap #454-8061 Donec Street,6852245861,vitae.posuere.at@aliquamiaculislacus.com,04/17/20,9
10306,Cara,Richmond,Ap #745-8480 Enim Avenue,4372343675,mi@sit.org,04/19/20,11
10307,Cyrus,Navarro,343-3528 Habitant Street,1285704054,porttitor@nibhvulputatemauris.com,10/11/20,5
10308,Drake,James,"P.O. Box 866, 4613 Velit. Av.",0463629428,cursus@volutpatNulladignissim.org,08/14/21,6
10309,Casey,Holman,Ap #270-5401 Imperdiet St.,8851375904,cursus.et@euismodindolor.edu,05/07/20,16
10310,Liberty,Chambers,"P.O. Box 361, 3050 Blandit Rd.",5567387997,suscipit@nec.org,01/05/21,3
10311,Nina,Cardenas,"Ap #955-5930 Non, St.",7235621525,aliquet.molestie@ullamcorpervelit.org,06/29/20,21
10312,Fletcher,Tanner,"3219 Eget, Rd.",1958506858,lorem@ac.net,04/14/21,14
10313,Sigourney,Salazar,Ap #293-3734 Amet Street,9792000098,fermentum.convallis.ligula@Donecelementumlorem.co.uk,05/31/20,14
10314,Gretchen,Kemp,"Ap #443-3399 Lobortis, St.",2641466497,auctor.nunc@auctorvelit.ca,10/29/20,5
10315,Daria,Cochran,763-9460 Aliquet Rd.,7067779058,tellus@semPellentesqueut.net,12/17/20,16
10316,Felix,Yang,9927 Dapibus Road,1319055327,sem@Nullainterdum.com,01/04/20,21
10317,Martin,Blanchard,Ap #687-5078 Malesuada Road,6112715447,ante.Maecenas@mi.com,09/11/20,22
10318,Lillith,Mejia,"P.O. Box 310, 4113 Neque. St.",5396418586,Suspendisse.ac@euenim.edu,06/01/20,21
10319,Oren,Shelton,Ap #754-2934 Risus. Ave,8681511201,dictum.Phasellus.in@mauriselitdictum.edu,11/01/21,6
10320,Amelia,Boyd,2818 Vivamus St.,3971206045,sociis.natoque@odio.com,12/16/19,23
10321,Blossom,Valencia,124-1052 Nec Ave,8889861344,nunc@maurisipsumporta.com,08/28/21,24
10322,Tanner,Alexander,Ap #825-6560 Penatibus Av.,5655800941,ligula.consectetuer.rhoncus@nec.edu,05/24/21,2