Staff_ID,First_Name,Last_Name,Address,Age,Mobile_Number,Email,Position,Start_date_of_job,Salary
5600,Heidi,Beck,179-3561 Eu Avenue,44,6121659788,leo.Cras.vehicula@Inornaresagittis.ca,1,03/22/20,11607
5601,Brent,Obrien,210-1893 Rutrum St.,31,1059827104,vel.pede.blandit@Nuncullamcorpervelit.edu,1,03/28/21,36726
5602,Hilary,Cooke,150-9193 Bibendum Rd.,54,9622882180,magna@magnased.co.uk,2,01/04/20,92900
5603,Kelsie,Rush,Ap #959-4567 Nullam St.,25,0538261754,mi@loremutaliquam.edu,1,08/13/21,90307
5604,Thomas,Reynolds,632-5576 Et Rd.,59,9195875242,ullamcorper.Duis.at@neque.edu,1,10/29/20,70957
5605,Derek,Michael,"Ap #379-3699 Lorem, Ave",48,9260790759,Cras.dolor@amet.ca,1,12/23/20,22043
5606,Denise,Church,"P.O. Box 219, 707 Dis Rd.",33,5761605694,semper.tellus@euaccumsan.com,1,12/09/19,12211
5607,Dennis,Everett,"8648 Non, Av.",22,2654674552,ut@iaculisneceleifend.com,2,05/13/20,31511
5608,Illana,Shepard,"447-4800 Auctor, Avenue",58,9312312282,arcu.Vestibulum.ut@ametrisusDonec.org,2,07/17/20,91257
5609,Olga,Harrell,"P.O. Box 541, 4907 Ut Ave",19,8330070312,lacus@Duisdignissim.com,3,05/31/21,59152
5610,Beau,Carney,Ap #908-3251 Dapibus St.,42,5088186852,odio.Nam@iaculisaliquetdiam.ca,3,07/23/21,75573
5611,Kieran,Hull,495-5256 Ipsum Av.,38,8968622813,Sed.nunc.est@eu.org,2,11/04/21,99910
5612,Sharon,Middleton,Ap #680-7295 Ut Av.,53,0524650746,dolor.Donec.fringilla@Suspendisse.com,1,10/28/20,85730
5613,Bruce,Bernard,218 Non Ave,29,1022556020,erat@nonlorem.co.uk,2,03/12/21,21949
5614,Genevieve,Mayer,"8128 Nunc, Av.",21,6760590519,eu.lacus.Quisque@urnaconvalliserat.edu,3,06/17/21,96044
5615,Audra,Russo,Ap #957-5675 Nullam Street,49,7870043091,porta.elit.a@amet.org,1,07/30/21,11028
5616,Grady,Bailey,683-2688 Nunc Rd.,57,6060802665,et.ultrices@magnisdis.org,3,09/14/20,48883
5617,Forrest,Albert,"P.O. Box 723, 9791 Et Rd.",50,6352904804,Cras.sed.leo@ametultricies.org,1,05/27/21,58716
5618,Boris,Schneider,331-2794 Mauris Road,24,9246727107,est.Mauris.eu@tempordiamdictum.ca,2,10/16/20,72101
5619,Jelani,Hanson,"P.O. Box 948, 1632 Scelerisque Av.",40,6497602057,varius@diamDuismi.com,2,09/13/20,96482
5620,Amela,Haynes,"Ap #461-2881 Felis, Av.",24,5352037294,Nulla@Suspendissesed.co.uk,2,09/20/20,78373
5621,Wylie,Richardson,Ap #977-1099 Ornare Rd.,59,4081592428,posuere.cubilia.Curae@aceleifend.ca,3,06/07/20,36355
5622,Emma,Dickson,5727 Duis Rd.,39,2994936526,egestas@Morbi.ca,3,08/27/20,51071
5623,Katelyn,Bradford,"5365 Tempus, St.",37,0116093543,turpis@viverraMaecenasiaculis.com,1,10/27/21,98408
5624,Jason,Lang,"P.O. Box 759, 3098 At Road",36,0487289813,nec@etarcu.edu,2,07/07/21,56439
5625,Lucy,Montgomery,343 Enim. Rd.,35,5948294716,in@ac.co.uk,1,03/14/21,39843
5626,Stacey,Woodard,735-3642 Ligula St.,53,0124213830,Morbi.sit.amet@vel.com,3,04/19/21,75443
5627,Urielle,Morrison,Ap #836-5444 Sem St.,36,1906595153,gravida.sit@molestieorcitincidunt.co.uk,1,11/27/19,62957
5628,Kevin,Schwartz,"P.O. Box 843, 2482 A, Rd.",35,0100614220,nunc.Quisque@Duisami.org,1,02/23/21,28071
5629,Hayden,Briggs,"4651 In, Rd.",23,4977860108,dolor.quam@egestas.edu,2,02/21/20,76097
5630,Gretchen,David,313-7193 Sit Ave,26,8638572100,Donec.elementum.lorem@Nullasempertellus.net,2,10/10/21,67953
5631,Dean,Wilson,Ap #395-6174 Tellus Rd.,57,0911048985,Ut.tincidunt@massaVestibulumaccumsan.ca,2,04/24/21,80731
5632,Pearl,Bullock,Ap #747-2685 Eu St.,22,4546874126,Nam.interdum.enim@uteratSed.edu,1,12/24/20,82065
5633,Tobias,Baird,Ap #989-1208 Sapien. Ave,28,3201084281,malesuada.vel.convallis@Aliquam.ca,3,03/15/21,15447
5634,Melanie,Hobbs,142-4053 Elementum St.,22,7807102703,lobortis@vestibulumnec.com,3,08/06/21,14066
5635,Jarrod,Moody,Ap #682-6619 Mattis Avenue,32,3311463152,justo.nec.ante@ridiculusmus.co.uk,1,10/24/20,69616
5636,Deanna,Rivas,"P.O. Box 920, 6692 Lectus St.",20,0556770173,amet.faucibus@nunc.org,2,01/09/20,85641
5637,Miranda,Delaney,6114 Metus Avenue,50,0637558996,tempus@auctor.co.uk,1,10/14/21,22528
5638,Rhoda,Wagner,Ap #812-4301 Sollicitudin Rd.,36,5836880541,varius@ipsumcursusvestibulum.org,3,08/28/20,94194
5639,Sheila,Mayer,"P.O. Box 503, 4946 Arcu. Avenue",39,7736566084,sapien.Nunc.pulvinar@risusNunc.net,3,03/01/20,70323
5640,Jermaine,Sheppard,"P.O. Box 336, 9508 Ut Ave",23,1369450468,Duis.cursus@vitaesodalesnisi.net,3,12/12/19,62770
5641,Amena,Guy,9055 A St.,24,4214519272,orci@tristiquesenectuset.co.uk,1,08/04/21,68048
5642,Lee,Sims,"P.O. Box 851, 4185 Suspendisse St.",59,4811730085,et@idnunc.co.uk,3,12/19/19,85163
5643,Karina,Cantrell,"P.O. Box 890, 577 Amet, Avenue",22,2349337204,Quisque@consectetuerrhoncus.ca,1,09/11/21,79399
5644,Timon,Noble,9260 Non Rd.,41,5611785222,enim.gravida@erat.com,1,01/09/20,60758
5645,Alma,Vargas,Ap #411-5669 Phasellus Ave,29,5718844767,et.ultrices.posuere@etlacinia.com,2,01/02/21,30093
5646,Buckminster,Mcdaniel,"P.O. Box 285, 6828 Nulla Road",42,1714828380,eu.augue.porttitor@estac.org,3,05/23/21,79436
5647,Kirby,Romero,197-1561 Nunc Rd.,58,2594997517,fermentum@augueut.net,3,05/06/21,70309
5648,Hoyt,Shannon,"P.O. Box 222, 8458 Eget Avenue",45,3819978036,lacus.pede@dapibusrutrum.net,3,12/17/19,24825
5649,Aline,Hatfield,435-9986 Blandit Rd.,46,0135200383,egestas@eliterat.net,1,11/22/20,65191
5650,Carlos,Melendez,"5425 Tincidunt, Rd.",39,3090898941,mattis.Integer@nislelementum.org,2,03/31/20,27971
5651,Melanie,Vance,129-1003 Lorem Road,58,1928219127,vulputate.velit.eu@ut.org,1,07/22/20,93404
5652,Camden,Reilly,828-503 Feugiat. St.,31,8313934919,arcu.vel@pharetrafelis.edu,2,10/08/21,47429
5653,Rigel,Salas,Ap #669-2872 Nec Ave,55,0900633133,risus.Duis@quamCurabitur.edu,3,07/20/21,32629
5654,Lael,Barker,Ap #492-3887 Sed Road,27,5548881283,sagittis@enimSed.org,1,06/26/21,46758
5655,Keaton,Ramirez,762-1093 Ligula Rd.,29,9028116419,nisl.arcu@Nunc.net,3,05/18/21,12607
5656,Alan,Alvarado,844-6237 Vitae St.,43,5555718296,interdum.ligula.eu@Nunc.edu,3,06/11/20,56510
5657,Chelsea,Parsons,8054 Eu Ave,32,2027515650,adipiscing.elit@luctus.co.uk,1,05/16/21,30783
5658,Matthew,Richards,"P.O. Box 549, 4580 Interdum Rd.",58,9330487034,magna@massa.ca,1,04/26/21,20575
5659,Rina,Mckay,Ap #266-286 Erat Street,29,6175953327,libero@euerosNam.ca,2,07/22/21,31718
5660,Ross,Avery,Ap #400-5766 Nisi St.,25,3784767720,nec@vestibulumMauris.org,1,01/31/21,55168
5661,Ina,Simon,274-9271 Molestie Av.,36,3545850624,interdum@lobortis.com,2,12/19/19,37691
5662,Zelda,Mendoza,9273 Nulla Avenue,50,1471127148,Mauris.magna@consectetuermaurisid.co.uk,2,04/08/20,41521
5663,Brian,Walton,142-8557 Justo. St.,20,1143324006,nibh@Nulla.net,2,06/16/20,70479
5664,Hector,Frank,127-9807 Turpis Rd.,59,3027749928,vitae@atsem.co.uk,2,06/17/21,91690
5665,Maia,Harrell,2725 Integer Street,43,8511513540,quam.Curabitur@sapiengravida.com,2,04/13/21,81328
5666,Dennis,Wells,"9022 A, St.",35,4851039043,neque@disparturientmontes.com,2,09/15/21,68540
5667,Nayda,Chapman,Ap #507-9838 Tellus. Avenue,43,1261731496,tellus@Donecegestas.ca,2,10/05/21,40057
5668,Fritz,Shaffer,7818 Non Avenue,36,3228692705,aliquet@maurisblanditmattis.com,2,05/13/21,95379
5669,Shafira,Chan,"598-1775 Nec, St.",59,3395304807,nisi.Cum@risusDonecegestas.edu,2,02/27/20,34964
5670,Kay,Massey,Ap #292-9791 Erat Road,36,8549222389,Fusce.mi.lorem@egestasurnajusto.co.uk,3,12/22/20,92848
5671,Ruby,Aguilar,"P.O. Box 842, 8832 At Ave",21,7302471227,libero@nuncestmollis.co.uk,3,06/26/21,84428
5672,Holly,Woods,9331 Mus. Street,59,8034766829,est@purus.edu,2,12/12/20,80564
5673,Blythe,Buck,3069 Interdum Avenue,29,6419560012,eget.mollis@et.edu,2,06/20/20,75936
5674,Nolan,Cantrell,462-1834 Dolor Rd.,28,4166113771,fames.ac.turpis@pharetrautpharetra.ca,1,03/21/21,88808
5675,Yoko,Bennett,"P.O. Box 923, 5051 Id, Rd.",42,8921460320,augue.eu.tempor@consequatauctornunc.co.uk,3,10/10/21,24774
5676,Orla,Britt,"P.O. Box 396, 4314 Mollis Avenue",45,0357697597,non.hendrerit.id@placeratCras.edu,1,11/01/20,55408
5677,Diana,Madden,Ap #349-2832 Posuere Rd.,29,9676031179,Aliquam.fringilla@sapien.co.uk,2,12/28/19,52718
5678,Frances,Brennan,"P.O. Box 490, 995 Nunc. Ave",46,5748599419,adipiscing.lacus.Ut@eutelluseu.ca,3,06/22/21,38079
5679,Theodore,Silva,437 Mauris Avenue,57,4178088336,fringilla.purus.mauris@tempor.edu,2,01/27/21,85211
5680,Sade,Good,Ap #222-4030 Mauris St.,57,4097625805,eleifend.Cras.sed@Mauris.net,1,10/19/21,31576
5681,Jaquelyn,England,383-5059 Ut St.,37,5608771263,ipsum@necleoMorbi.ca,3,03/30/20,85352
5682,Nina,Woods,853-5308 Pellentesque St.,52,8073189337,lobortis.ultrices.Vivamus@Vivamusnon.net,1,02/15/20,31076
5683,Aquila,Casey,1548 Nisi. Av.,25,4412704166,interdum.libero.dui@eget.co.uk,2,04/05/20,26640
5684,Samuel,Mayer,Ap #368-1250 Luctus Street,57,4793121968,quis.arcu.vel@Duisvolutpat.org,1,09/08/21,96721
5685,Tatyana,Swanson,"485-1535 Vel, Street",39,2286760773,sit@vel.co.uk,3,03/18/21,97667
5686,Kato,Mercer,599-9769 Urna. Rd.,22,6221327771,auctor@nonquamPellentesque.net,2,12/09/19,34304
5687,Marshall,Reilly,1725 Ut Avenue,54,7439582048,adipiscing@Aliquam.co.uk,2,06/16/20,33159
5688,Mollie,Hill,"P.O. Box 747, 5570 Cras Avenue",25,9370066163,tempor@nequeNullam.net,2,05/13/20,57489
5689,Baker,Mcgowan,2959 Enim. Ave,39,5920537003,ornare.facilisis.eget@Suspendisseeleifend.com,3,09/10/20,15947
5690,Jakeem,Craig,"P.O. Box 118, 5994 Natoque Avenue",52,3619419947,mauris.aliquam@odio.com,2,02/02/21,87969
5691,Gabriel,Ryan,"P.O. Box 345, 2248 Ut Road",40,3372321223,purus@nullaatsem.co.uk,3,09/13/20,82935
5692,Myra,Wilder,"712-1806 Montes, Rd.",58,0340943644,arcu.Vestibulum@miDuisrisus.edu,2,03/15/21,99783
5693,Ulysses,Hinton,5309 Orci. Rd.,30,0177099506,libero.Donec@acmetusvitae.com,1,12/11/20,24880
5694,Cally,Farley,139-6578 Tristique Street,24,0526119264,aliquet.nec.imperdiet@metusIn.edu,3,07/31/20,72612
5695,Quincy,Long,3077 Rutrum Av.,41,4783180067,ante.iaculis@magnaSuspendissetristique.co.uk,1,07/09/20,52518
5696,Haviva,Avery,3445 Dolor Rd.,53,8415320508,euismod.mauris@nullamagnamalesuada.ca,1,03/03/20,64576
5697,Tobias,Finch,838-2735 Erat St.,47,3242049537,mus@felisadipiscing.ca,2,02/01/20,22522
5698,Halee,Juarez,Ap #797-8012 Sociis Av.,18,1897657916,ullamcorper@Sedauctorodio.ca,1,01/10/20,29642
5699,Alvin,Jennings,8457 Volutpat. Rd.,41,5406417607,eu.nibh@vehicularisusNulla.org,1,02/28/20,26945