"Trainer_ID","First_Name","Last_Name","Address","Mobile_Number","Email","Weekly_working_hours"
"2000","Ingrid","Edwards","P.O. Box 410, 6483 Cras Street","6103970091","eros.Nam@luctusaliquetodio.com","40"
"2001","Jermaine","Pierce","8999 Iaculis Rd.","8961531044","ligula@afelisullamcorper.co.uk","37"
"2002","Jaquelyn","Stephenson","Ap #922-5648 Ipsum Rd.","8970184468","euismod@Curabiturvellectus.co.uk","28"
"2003","Duncan","Lang","P.O. Box 145, 182 In Rd.","2968835840","nunc.ac.mattis@euodioPhasellus.com","37"
"2004","Bevis","Franco","229-4610 In Av.","0680916068","egestas.Sed.pharetra@seddictumeleifend.net","26"
"2005","Adria","Marsh","P.O. Box 927, 3927 Bibendum Ave","5644273591","Cras.lorem@tempusmauris.co.uk","31"
"2006","Megan","Richmond","725-821 Montes, Rd.","8396053765","eu@Donec.com","31"
"2007","Lysandra","Barron","P.O. Box 526, 6850 Vivamus Road","3913198879","sem@sitamet.ca","30"
"2008","Paki","Patterson","P.O. Box 764, 3276 Consequat, Rd.","9839010908","dui.Fusce@eutellus.net","33"
"2009","Seth","Barrera","688-6732 Sed Road","5251000994","sit.amet@Quisquefringillaeuismod.net","31"
"2010","Camden","Sweet","P.O. Box 191, 4483 Metus. Avenue","4811057962","rhoncus.Donec.est@pellentesque.com","36"
"2011","Cathleen","Church","Ap #430-3056 Nulla Ave","7661258685","In.mi.pede@elementum.co.uk","33"
"2012","Vera","Gilmore","4315 Porttitor St.","7580374885","aliquam.adipiscing.lacus@Maecenaslibero.edu","30"
"2013","Victor","Dickson","Ap #853-8008 Mauris Rd.","3426097121","ante@lacus.org","28"
"2014","Alden","Morse","4520 Sociis St.","9124391255","aliquet.molestie@Nullainterdum.co.uk","37"
"2015","Caleb","Holt","Ap #162-3910 Orci Rd.","7402186394","cursus.in@a.ca","39"
"2016","Mara","Avery","P.O. Box 397, 7419 Justo Avenue","4693991121","ipsum.Suspendisse@loremauctorquis.org","39"
"2017","Knox","Joyce","908-1986 Metus. Rd.","9482163039","semper.pretium@eudolor.edu","36"
"2018","Acton","Castillo","247-3367 Fringilla Road","2891223323","in@congue.edu","34"
"2019","Ariana","Salinas","Ap #308-8034 Erat, Ave","2498012014","nulla.Integer.urna@uteratSed.co.uk","25"
"2020","Fletcher","Cantrell","2563 Nibh Av.","0387932900","iaculis@dictumeleifend.org","32"
"2021","Griffin","Thornton","133-9663 Tristique St.","4641464828","fermentum@tinciduntnibhPhasellus.edu","38"
"2022","Olga","Bradford","415-7780 Ut Avenue","5426764415","euismod.in.dolor@arcuimperdietullamcorper.ca","27"
"2023","Callie","Prince","286 Etiam St.","6057440074","facilisis.facilisis@enim.net","27"
"2024","Britanney","Myers","379-9896 Libero. St.","8684341253","vitae.velit.egestas@vel.ca","36"
"2025","Rana","Peck","P.O. Box 824, 3923 Rutrum St.","3744429075","aliquam.eu@velitegestaslacinia.co.uk","32"
"2026","Owen","Beasley","109-490 Cras St.","8745376567","suscipit@dolorFuscefeugiat.net","26"
"2027","Wade","Hardin","P.O. Box 907, 9280 Sed, Street","9474767103","imperdiet@montesnascetur.org","26"
"2028","Raja","Strickland","P.O. Box 926, 8808 Eget Ave","3808679408","vulputate.posuere@eu.net","39"
"2029","Frances","Vasquez","341-7425 Convallis Street","1384557629","ut.dolor@nulla.org","27"
"2030","Jana","White","Ap #466-1700 Ac Road","7943014660","Vivamus.nisi@Integermollis.org","28"
"2031","Shea","Allen","P.O. Box 768, 5723 Id St.","1339490328","congue.elit.sed@ametdiam.edu","37"
"2032","Nash","Flores","7182 Feugiat St.","2000284560","eget.varius.ultrices@liberoMorbi.com","30"
"2033","Nissim","Park","3943 Sed Rd.","5101169470","Mauris@facilisisSuspendisse.org","28"
"2034","Fiona","Mcfadden","8375 In, Rd.","1850088171","odio.Nam.interdum@per.co.uk","26"
"2035","Jameson","Harper","743-8545 Sed Avenue","2043937530","sapien.molestie@dapibusrutrum.co.uk","39"
"2036","Yetta","Quinn","P.O. Box 589, 5218 Felis, St.","5265064590","ligula.eu@nuncsitamet.net","27"
"2037","Alexander","Burnett","2174 Lorem. Rd.","3264111841","mattis.semper.dui@arcu.com","31"
"2038","Ronan","Brewer","3142 Mollis Rd.","2384662729","arcu@estNunc.ca","25"
"2039","Ivan","Ratliff","Ap #178-6309 Ullamcorper Ave","7726802742","mauris.sagittis.placerat@consequat.net","28"
"2040","Lilah","Saunders","P.O. Box 747, 7510 Facilisis Rd.","5216381891","massa@pharetraNamac.ca","31"
"2041","Uriah","Robinson","2391 Lorem, Rd.","0275263594","ante.blandit@sedpedenec.org","26"
"2042","Carter","Chan","P.O. Box 752, 4926 Montes, Avenue","2463753837","nec@Nulla.ca","29"
"2043","Kim","Doyle","Ap #947-1985 Velit Ave","9618432501","penatibus@nec.net","39"
"2044","Kimberly","House","7298 Tellus. Road","2939244343","commodo.ipsum@mi.org","33"
"2045","Sonia","Buck","Ap #794-1595 Vitae, Rd.","3036043518","massa.Mauris@Ut.com","30"
"2046","Craig","Rollins","Ap #403-2436 Nulla Avenue","5627536408","ac.arcu@felis.edu","39"
"2047","Odysseus","Casey","515-8332 Nulla. Av.","3095689342","lorem@nibh.ca","30"
"2048","Grady","Alvarez","374-5099 Integer Av.","2826979110","cubilia@porttitorinterdum.com","32"
"2049","Hayes","Bailey","Ap #739-6620 Porttitor St.","3973995151","nibh@feugiatnon.org","37"
"2050","Hannah","Buckley","P.O. Box 645, 3700 A, Av.","3910558461","ornare.In@Curabitur.edu","40"
"2051","Morgan","Dejesus","292-2950 Natoque St.","0737772684","ac@Integer.co.uk","29"
"2052","Cedric","Patton","2973 Ornare Ave","5302925304","hymenaeos.Mauris.ut@penatibusetmagnis.org","27"
"2053","Clementine","Luna","Ap #895-3510 Magna, Street","2478830641","nulla@mienimcondimentum.com","38"
"2054","Maia","Sears","Ap #641-783 Aliquam Av.","4351000018","aliquam@ligula.co.uk","35"
"2055","Gabriel","May","Ap #240-7973 Aenean Av.","7352526815","ante.bibendum@arcu.com","32"
"2056","Risa","Finch","Ap #750-2225 Sed Av.","3024214250","elit@aenimSuspendisse.com","32"
"2057","Haviva","Armstrong","4579 Eget Street","0359970035","leo.Morbi@id.org","27"
"2058","Chancellor","Lara","6069 Proin Road","8335274358","per.inceptos@adipiscing.org","40"
"2059","Jessica","Frederick","960-3716 Mauris. Rd.","0950585424","consectetuer.rhoncus@nullaCraseu.org","39"
"2060","Lev","Rowe","P.O. Box 353, 9400 Non St.","3277249562","Vestibulum@sociosquadlitora.ca","38"
"2061","Finn","Davidson","Ap #698-6391 Sem St.","0753647674","scelerisque.dui@veliteu.ca","40"
"2062","Candace","Mills","5300 Eget Avenue","5972322052","nec.metus.facilisis@diamDuismi.ca","37"
"2063","Lara","Estes","P.O. Box 903, 6728 Ante, Avenue","2112302350","at.fringilla@turpis.net","37"
"2064","Brynne","Brewer","453-4812 Lacinia. St.","2745201515","Duis.gravida.Praesent@luctus.co.uk","34"
"2065","Geoffrey","Hatfield","8468 Nec Ave","8703541809","arcu.Sed.eu@morbi.net","29"
"2066","Maxine","Dillard","P.O. Box 188, 1503 Condimentum Av.","6649404149","justo.sit@erat.com","32"
"2067","Hakeem","Hyde","Ap #897-6745 Commodo St.","6931540702","sollicitudin.orci@sit.ca","40"
"2068","Macaulay","Ingram","P.O. Box 697, 7407 At Rd.","6282027161","rutrum@ipsumprimisin.org","38"
"2069","Lacy","Roberson","8155 Vitae Rd.","6322470926","in@velitCras.net","29"
"2070","Devin","Grimes","Ap #283-9378 Ridiculus Rd.","7889693024","adipiscing@consequat.ca","40"
"2071","Mikayla","Pena","725-6019 Eget St.","1138836403","tempor.bibendum.Donec@nullavulputatedui.edu","37"
"2072","Christen","Ayers","9749 Mattis St.","8556788602","Vivamus.rhoncus@amet.org","30"
"2073","Kareem","Summers","149-8106 Phasellus Rd.","3283454948","non.feugiat@nequeInornare.com","29"
"2074","Dieter","Delaney","Ap #925-2612 Donec Rd.","5319041283","arcu.ac@pede.ca","25"
"2075","Molly","Irwin","P.O. Box 210, 4780 Phasellus Av.","9437413247","diam.vel@facilisiseget.co.uk","39"
"2076","Eleanor","Frederick","P.O. Box 865, 2528 Amet Av.","8488049627","lobortis@metusIn.org","35"
"2077","Cullen","Gilliam","6313 Quis Rd.","7764791259","odio@sagittis.net","39"
"2078","Mark","Lamb","2571 Neque. Rd.","7211049078","diam.dictum@risusDonecegestas.ca","34"
"2079","Xena","Blankenship","915-325 Id Ave","9863081764","commodo.ipsum@nuncInat.edu","26"
"2080","Lenore","Cantrell","6570 Egestas Av.","9032178206","arcu.ac@tinciduntcongueturpis.net","37"
"2081","Eugenia","Warner","235-7489 Lobortis St.","5334676131","justo@sit.edu","26"
"2082","Delilah","Mayo","984-5749 Posuere St.","6563196146","nulla.Integer@sit.net","40"
"2083","Luke","Kirk","572-2411 Aliquam Road","6140249712","faucibus.Morbi.vehicula@mauris.ca","35"
"2084","Ezekiel","Forbes","P.O. Box 744, 6108 Malesuada St.","4072304954","dolor.elit.pellentesque@afeugiat.co.uk","40"
"2085","Avram","Buchanan","651-5344 Diam. Ave","7861078721","auctor@velconvallisin.com","34"
"2086","Dara","Rasmussen","Ap #224-3317 Ut Av.","2275960753","Proin@vitaenibhDonec.org","39"
"2087","Xenos","Rhodes","905-3644 Orci, Rd.","2225945155","Quisque.varius.Nam@Morbiaccumsanlaoreet.ca","39"
"2088","Laura","Frye","9878 Proin Av.","0230574411","elit.elit@liberomauris.net","33"
"2089","Victoria","Joyce","750-893 Tortor, Avenue","2161841825","nec@purus.edu","25"
"2090","Holly","Justice","2782 Et, St.","0389379963","nec@neccursus.co.uk","31"
"2091","Jarrod","Leonard","148-3381 Ut, Rd.","2586943201","aliquam.eu@vulputatenisi.com","27"
"2092","Donna","Wong","Ap #503-2237 Eu St.","2358701310","cubilia.Curae.Phasellus@Maecenasliberoest.net","33"
"2093","Fay","Schneider","P.O. Box 524, 7699 Interdum Rd.","4703957582","ornare.facilisis@velsapienimperdiet.org","27"
"2094","Carla","Sellers","Ap #899-5977 Sit Rd.","1411772842","convallis@consequatlectussit.edu","30"
"2095","Quinn","Barker","425-7069 Faucibus Av.","1529062811","mauris@aliquet.net","26"
"2096","Katelyn","Day","P.O. Box 928, 9102 Nunc Road","1697834835","non.vestibulum@intempus.edu","29"
"2097","Kelly","Hays","Ap #319-880 Maecenas Avenue","7857876464","Integer.eu@quisdiamluctus.org","37"
"2098","Drew","Sherman","Ap #788-3710 Nam Street","2368000704","a@lobortis.ca","32"
"2099","Tate","Mcleod","180-3734 Ultricies Rd.","2823978232","at.velit@nuncnulla.com","37"
