Volunteer_ID,First_Name,Last_Name,Address,Mobile_Number,Email,Weekly_working_hours,Start_date_of_working,End_date_of_working
500,Kevin,Branch,"P.O. Box 342, 4198 Donec St.",8775633460,nonummy@mattissemperdui.net,28,01/15/20,06/16/21
501,Jemima,Peck,Ap #475-7768 Nec St.,3398884436,in.sodales@et.ca,6,05/19/20,07/16/21
502,Kasimir,Rodriguez,"3371 Tempus, St.",5120647682,pede.malesuada.vel@fermentumfermentum.org,28,11/23/21,11-01-2021
503,Rogan,Becker,358-6779 Malesuada Rd.,9489514142,elit.pellentesque@pedesagittisaugue.co.uk,72,10/31/21,11-02-2020
504,Amity,Hull,300-2993 Urna. Av.,5082445932,quam.dignissim.pharetra@Namligulaelit.ca,14,07-09-2021,08/24/20
505,Hilda,Crosby,5965 Vehicula. Road,8673338645,erat@tristique.org,36,12/13/19,06-01-2021
506,Gil,Davidson,"P.O. Box 691, 6701 Integer Avenue",4436043788,mi.lacinia.mattis@In.org,62,12-07-2020,09/23/21
507,Raya,Maldonado,768-8115 Lorem Rd.,7178171757,vulputate.dui@massa.ca,36,10-06-2020,07/31/20
508,Asher,Greer,"P.O. Box 385, 6870 Duis Rd.",6011484822,id@massa.com,1,08/22/20,02/25/21
509,Cadman,Hutchinson,Ap #655-909 Duis Rd.,7991077402,massa.Suspendisse@at.edu,71,02/13/21,10-08-2021
510,Tatyana,Kidd,4068 Tristique Rd.,6144780376,fermentum.metus.Aenean@ligulaAenean.ca,35,09-02-2021,05/21/20
511,Urielle,Holcomb,Ap #476-8172 Dictum Street,3631537587,ipsum@tristiquepharetraQuisque.com,26,12-11-2020,05/19/20
512,Stewart,Price,"P.O. Box 516, 3203 Rhoncus. Road",1231799668,quis.diam.Pellentesque@semmagna.co.uk,70,04-07-2021,04-09-2021
513,Ella,Santos,Ap #200-803 Nullam Road,5904169340,sed.pede@erat.net,8,04/13/20,01/29/21
514,Hedy,Christian,7786 Eget Rd.,1630880102,dui@variuseteuismod.ca,52,10/31/21,08/13/20
515,Raya,Rodriguez,7997 Aenean Street,580160218,iaculis@tellusNunclectus.org,43,07-04-2020,04/23/20
516,Hillary,Gamble,Ap #512-1752 Vel Rd.,2150594971,metus@eu.edu,16,06-10-2021,11/13/20
517,Paki,Wolf,599-3470 Sed Ave,3289085970,egestas.hendrerit@CuraeDonectincidunt.ca,48,11/22/21,09/17/20
518,Lacey,Petty,"P.O. Box 662, 5772 Velit. Av.",4959801574,amet.ornare.lectus@velit.edu,39,07/22/20,09-07-2021
519,Colton,Tillman,1074 Donec Road,7980656341,primis.in.faucibus@ultrices.com,79,11-04-2020,09/22/21
520,Julian,Chang,Ap #934-8502 Duis Ave,3740197736,aliquet.Phasellus@dolorquamelementum.com,74,08-07-2020,08/18/20
521,Christine,Atkinson,8545 Lobortis Road,9913718892,quam.Curabitur.vel@sagittisaugueeu.edu,27,10-04-2021,02/29/20
522,Rhona,Hurley,648-4239 Libero Av.,7589667987,ipsum.Suspendisse@diam.org,76,01-11-2021,05-12-2020
523,Mariko,Camacho,671-7892 Dignissim St.,2630368800,Vivamus.rhoncus@cursus.org,28,08/31/20,12-05-2020
524,Hanna,Lowe,349-8203 Enim Street,3602828916,tincidunt.Donec@convallisantelectus.com,78,07-04-2020,12/28/20
525,Chadwick,Duffy,659-3675 Magna. St.,3892405499,placerat.augue@condimentum.ca,70,10/28/20,09/30/20
526,Victor,Horn,119-7153 Dui Road,4141803444,Mauris.molestie@loremut.com,64,12/17/19,09-12-2021
527,Cailin,Nolan,813-3797 Orci. Ave,8064878642,dolor.egestas.rhoncus@DonecestNunc.org,46,07/22/21,08/17/20
528,Lester,Valdez,"P.O. Box 699, 8760 Aliquet. St.",3767608628,sodales.at@et.edu,79,04/27/21,01/16/21
529,Forrest,Malone,1277 Libero Rd.,6055274549,diam@nibhenimgravida.org,21,04-06-2020,02/27/21
530,Sharon,Hickman,358 Velit St.,6239471485,molestie.arcu@tempus.co.uk,60,02/14/21,12/16/20
531,Todd,Castro,429-625 Curabitur Street,9257850828,a.facilisis@sem.co.uk,69,11/20/20,01/27/21
532,Grady,Mcintosh,721-9456 Sollicitudin Road,3425588002,arcu@malesuadaIntegerid.net,59,05/25/20,02/20/21
533,Fletcher,Rivers,3875 Sollicitudin St.,4450712887,Nulla@venenatis.com,76,02/22/20,08/14/21
534,Tucker,Osborn,"4073 Elit, Ave",2212769057,Duis@molestiearcu.ca,54,12/25/20,01-09-2020
535,Tanek,Tyson,"Ap #855-8128 Sapien, Rd.",4232706393,velit@tempus.edu,76,10-10-2020,05/16/20
536,Kaseem,Waller,427 Fusce Rd.,7580162679,ut.nisi.a@leoelementumsem.org,18,09/20/21,09/16/21
537,Otto,Hensley,511-9775 Cursus Road,1079339875,mattis@vehicula.net,21,12-12-2019,11-02-2020
538,Demetrius,Herring,Ap #742-6790 Velit. Avenue,833393851,nec@imperdietullamcorperDuis.ca,12,08/19/20,10/24/20
539,Delilah,Bauer,Ap #733-8501 Libero St.,9055356255,Quisque.ac.libero@conubia.co.uk,41,05/18/21,06-08-2020
540,Laith,Wilkins,Ap #108-6281 Quam Rd.,303873655,Quisque@Quisque.org,12,03-04-2020,09/25/20
541,Dane,Luna,1418 Ultrices. Rd.,7558819388,diam@ipsumDonec.com,65,07-05-2020,12/19/19
542,Hilel,Pruitt,"P.O. Box 406, 9507 Tellus St.",3590943873,magna.Duis@sitamet.net,26,03/24/20,11/23/20
543,Kevin,Patton,777-4090 Dolor St.,1439742705,ipsum@utmiDuis.ca,68,09-10-2021,11/17/20
544,Ahmed,Jackson,Ap #805-3285 Cras Street,6389656469,malesuada@consequat.org,55,04/14/20,12-04-2019
545,Abdul,Franklin,476-9696 Et Street,3737191769,aliquet.magna@venenatisvelfaucibus.edu,51,11-09-2020,01-05-2020
546,Rae,Hoffman,2379 Ipsum. Av.,244318279,Aliquam.vulputate.ullamcorper@Cras.com,59,02-03-2020,12-12-2019
547,Lyle,Barrera,6392 Ligula. Av.,9988811715,pellentesque.Sed@Donecnibh.com,1,01/15/21,12/28/19
548,Dacey,Downs,Ap #365-844 Ligula. Street,38310385,ultrices@erosnectellus.com,2,01-03-2020,06/19/21
549,Gillian,Crane,6951 Tempus Rd.,6627918239,Pellentesque.ultricies.dignissim@inconsequat.ca,60,03/22/20,10/26/21
550,Medge,Lewis,608 Egestas. Rd.,6181337681,lobortis.quis.pede@mollisduiin.ca,13,10/24/21,11-09-2020
551,Myles,Bartlett,Ap #445-3642 Sem. Rd.,8861929724,ornare.lectus.justo@ac.edu,78,04-04-2021,10-09-2021
552,Wesley,Buchanan,202-7977 Imperdiet Avenue,7813993338,felis.adipiscing.fringilla@acfacilisis.edu,46,01-04-2020,10/17/20
553,Shoshana,Velez,Ap #258-4109 Nulla Road,347943767,sit.amet@tempor.net,4,08-11-2021,10/17/20
554,Reese,Brady,"P.O. Box 580, 7841 Sapien, Road",6206551975,tristique@scelerisquescelerisquedui.co.uk,75,07/25/21,06/17/21
555,Vivian,Wong,557-1688 Sed Street,7547652158,orci.in@Aliquamvulputateullamcorper.edu,54,03-12-2021,12/17/19
556,Dante,English,470-9904 Mi. Road,9668777945,justo.Praesent@vulputate.edu,63,07/16/20,03-08-2021
557,Bernard,Navarro,"P.O. Box 353, 1910 Orci, Rd.",6715311830,ut.mi.Duis@Nullamnisl.edu,27,04/29/20,03/17/20
558,Signe,Whitney,"P.O. Box 319, 3025 Ut, St.",1743141688,aliquet.molestie.tellus@nullaInteger.com,51,05/18/21,11-09-2021
559,Clark,Miller,5590 Non Ave,3502477197,Duis@sed.net,6,05/24/21,08/14/21
560,Bradley,Williamson,2723 Dictum. Rd.,6263758506,ipsum.Suspendisse.sagittis@eget.co.uk,32,04/19/21,08-03-2021
561,Dillon,Leach,Ap #116-2544 Odio. Avenue,176320310,scelerisque.sed.sapien@magnaUttincidunt.edu,64,05-03-2020,03-07-2020
562,Desirae,Hyde,"P.O. Box 964, 2269 Facilisis Road",3595077384,in.faucibus@molestiesodalesMauris.com,68,03/28/20,04/26/21
563,Sasha,Tate,Ap #584-7039 Varius St.,8806906440,at.fringilla@Maecenaslibero.org,55,07/15/21,03-02-2020
564,Brennan,Donaldson,Ap #131-2276 Lobortis Av.,550420186,Donec.nibh.Quisque@cursusInteger.org,42,11-02-2020,01/13/20
565,Jin,Smith,891-8191 Eros St.,6349178640,gravida.Praesent.eu@duiquisaccumsan.com,37,06/21/21,10-04-2021
566,Wang,Russell,"Ap #853-2549 Aliquet, Ave",8026808282,lacinia.Sed@cursusvestibulumMauris.org,78,10/15/20,06/19/21
567,Tobias,Richard,Ap #200-2064 Arcu Road,3365344152,mi@ultriciesligulaNullam.com,35,11-04-2021,11-10-2021
568,Roanna,Warner,"P.O. Box 245, 1622 Non Rd.",4217854578,et@mi.org,48,09-02-2021,02/27/21
569,Inga,Wolfe,7268 At Street,2935369847,gravida.nunc.sed@ultricesDuis.net,28,10-10-2021,07-09-2020
570,Madeson,Mason,9378 Lacus. Rd.,9045013531,mauris.ut.mi@Integereu.net,63,09-03-2021,08-06-2021
571,Megan,Allison,"P.O. Box 406, 1214 Nibh. Ave",4774385564,non.enim.commodo@Aliquamvulputateullamcorper.ca,44,01/16/21,01/27/20
572,Ella,Sellers,Ap #721-8731 Est Avenue,6864849205,id.mollis@justofaucibuslectus.co.uk,5,12/18/20,09-10-2021
573,Halee,Mcdonald,"P.O. Box 847, 9679 Aliquam Rd.",5124728850,et@in.net,72,06-03-2020,03/29/20
574,Camden,Brown,661-4611 Ipsum St.,3800758033,gravida.non@Utsemper.co.uk,20,12/27/19,04-03-2021
575,Alvin,Thomas,Ap #213-6197 Mattis. Street,5176853399,ullamcorper.viverra@augue.ca,8,09/25/21,01/13/20
576,Cole,Owens,6439 Dictum Rd.,7869355108,in.tempus.eu@fringillamilacinia.ca,41,06/30/20,12/15/19
577,Karleigh,Montoya,Ap #584-5191 Eros Street,9361132650,lobortis.tellus.justo@magnaLorem.ca,44,11/25/20,05/28/21
578,Tiger,Hardy,"Ap #200-8248 Magna, Rd.",5841922422,augue.eu@nibhdolornonummy.edu,28,02-04-2021,08/26/20
579,Davis,Holcomb,7742 Phasellus Ave,3515209083,arcu.Vestibulum.ut@sedliberoProin.co.uk,51,06/28/21,05/18/20
580,Tarik,Charles,592-1858 Sapien. Ave,7928221232,ut.sem.Nulla@varius.ca,38,09/20/20,03/30/20
581,Zephania,Hahn,812-3858 Metus. Avenue,3082601472,Donec.tempor.est@interdumfeugiatSed.net,39,03/27/21,03/18/20
582,Barbara,Fleming,"P.O. Box 395, 5481 Donec Av.",3318808977,molestie.in@nasceturridiculusmus.com,55,02/20/21,08/23/20
583,Zachary,Dominguez,Ap #885-825 Aliquam Street,4150584288,sed.sem@In.net,9,12-09-2020,12-09-2019
584,Walter,Cabrera,248-4115 Est Road,2948218414,Nunc@nuncIn.net,22,09-01-2020,06/16/21
585,Eaton,Griffith,849-9068 Cras Rd.,6993009092,sagittis@Aeneangravidanunc.co.uk,63,07/13/20,05/17/21
586,Teegan,Higgins,Ap #831-7535 Accumsan Road,3833279323,consequat.dolor@pellentesqueSed.com,78,11/26/20,11/24/21
587,Guy,Gilliam,"P.O. Box 539, 7909 Sociosqu St.",4997337285,diam.vel@semeget.com,75,08/31/21,01/25/20
588,Whilemina,Robbins,"857-1111 Eget, St.",1207227447,odio.Phasellus.at@idsapienCras.ca,13,09/13/21,06/29/20
589,Clarke,Murray,Ap #843-162 Eu Road,3499609282,arcu.iaculis@sagittissemperNam.edu,21,02/17/21,07-07-2021
590,Rafael,Hebert,313-2829 Ridiculus Rd.,6736737559,quis.pede@acturpis.co.uk,38,01-10-2020,08/25/21
591,Pearl,Rose,5442 Ipsum. Street,3235823081,libero@inconsequat.org,37,01/23/20,10-11-2021
592,Quinn,Carlson,6644 Sem Ave,9025036700,aliquam.eros.turpis@Nullamvitaediam.com,45,02/14/20,07/29/20
593,Kylie,Flores,Ap #206-3038 Gravida St.,4045984527,mollis@utdolordapibus.com,36,09/25/21,10/25/21
594,Sara,Craig,3335 Sodales St.,9215853657,suscipit.nonummy.Fusce@faucibusMorbi.org,51,10/31/21,02/16/21
595,Justine,Russell,473-5536 Donec Rd.,7109890103,tempus.eu.ligula@ipsum.ca,45,03-02-2020,01/16/21
596,Luke,Pugh,340-3035 Massa St.,3957084033,cursus.Nunc@orcilobortisaugue.com,80,08-07-2020,10/26/20
597,Nichole,Curry,Ap #865-2926 Nec St.,2402826827,molestie.tortor@pharetraQuisque.com,15,09/25/21,10-10-2020
598,Dacey,Travis,"P.O. Box 710, 1117 Sed Avenue",5606371216,justo.nec.ante@urna.edu,44,07-03-2021,10/21/20
599,Kay,Melendez,Ap #382-1025 Egestas. St.,9160818930,amet@turpisAliquamadipiscing.org,8,11-10-2021,08-07-2020
